Prijslijst;Categorie;Artikelcode;Omschrijving;Eenheid;Prijs
07-2026 Standaardprijslijst;01 - Standaardlijst;12121212;Vaste Prijsafspraak;stuk;15000
07-2026 Standaardprijslijst;011 Extra artikelen;1011010;Zak bentoniet;stuk;20
07-2026 Standaardprijslijst;01 - Standaardlijst;98764;Bentoniet en Grind per peilbuis;stuk;20
07-2026 Standaardprijslijst;20 - Machinaal boren;;Verloren Punten;stuk;10
07-2026 Standaardprijslijst;01 - Standaardlijst;01;Credit;stuk;-79
07-2026 Standaardprijslijst;10 - Betonboren;;Afsmeren asfalt of betonborigen;Stuk;6
07-2026 Standaardprijslijst;011 Extra artikelen;;Nacht toeslag;Stuk;706,25
07-2026 Standaardprijslijst;06 - Monstername grondwater;4005;Watermonster incl. lozingspakket;Stuk;75
07-2026 Standaardprijslijst;011 Extra artikelen;0021;Peilbuis tot 3m-mv;Stuk;107
07-2026 Standaardprijslijst;011 Extra artikelen;0022;Peilbuis tot 4m-mv;Stuk;174
07-2026 Standaardprijslijst;10 - Betonboren;;Beton asfaltboring 350mm;Stuk;190
07-2026 Standaardprijslijst;01 - Standaardlijst;;Slibsteek met ondergrond;Stuk;37
07-2026 Standaardprijslijst;01 - Standaardlijst;12121212;Vaste Prijsafspraak;stuk;15000
07-2026 Standaardprijslijst;011 Extra artikelen;5500;Verblijfkosten;Stuk;550
07-2026 Standaardprijslijst;01 - Standaardlijst;01;kunstof Afwerk koker;Stuk;135
07-2026 Standaardprijslijst;01 - Standaardlijst;000004;Voorrijkosten > 100 km;Stuk;153
07-2026 Standaardprijslijst;011 Extra artikelen;2131651651;Koppel Stratenmakers;Uur;110
07-2026 Standaardprijslijst;01 - Standaardlijst;C14;Stalen beschermkoker ø76 L=1m verzinkt;Stuk;110
07-2026 Standaardprijslijst;011 Extra artikelen;12345;Depot bemonstering indicatief;Stuk;150
07-2026 Standaardprijslijst;011 Extra artikelen;12643756;Partij keuring;Stuk;500
07-2026 Standaardprijslijst;011 Extra artikelen;21215152;Boring tot 7m handmating;Stuk;175
07-2026 Standaardprijslijst;011 Extra artikelen;234523;Peilbuis 7m;Stuk;275
07-2026 Standaardprijslijst;011 Extra artikelen;243565;Kraan 2.5 ton incl. machinist en transport;Dag;800
07-2026 Standaardprijslijst;011 Extra artikelen;12356425;Beschermhek Rood;Stuk;250
07-2026 Standaardprijslijst;01 - Standaardlijst;00123;Km vergoeding;Stuk;0,65
07-2026 Standaardprijslijst;011 Extra artikelen;1123;Deksel 120mm;Stuk;33
07-2026 Standaardprijslijst;01 - Standaardlijst;T1;Tank onderzoek;Stuk;350
07-2026 Standaardprijslijst;011 Extra artikelen;1;Peilbuis tot 3,5m 60mm.;Stuk;147
07-2026 Standaardprijslijst;011 Extra artikelen;765243523y;Verkeers Maatregelen;Stuk;582,5
07-2026 Standaardprijslijst;011 Extra artikelen;76542;Weekend toeslag;Stuk;1082,3
07-2026 Standaardprijslijst;01 - Standaardlijst;1001;Klic melding;stuk;55
07-2026 Standaardprijslijst;01 - Standaardlijst;1002;Reiskosten+ certificeringskosten;stuk;96
07-2026 Standaardprijslijst;01 - Standaardlijst;1003;Voorrijkosten;project;35
07-2026 Standaardprijslijst;01 - Standaardlijst;2001;Boring tot 0,5 m-mv;Stuk;24
07-2026 Standaardprijslijst;01 - Standaardlijst;2002;Boring tot 1m-mv;stuk;37
07-2026 Standaardprijslijst;01 - Standaardlijst;2004;Boring van 1,5m-mv;stuk;53
07-2026 Standaardprijslijst;01 - Standaardlijst;2005;Boring tot 2m-mv;stuk;58
07-2026 Standaardprijslijst;01 - Standaardlijst;2006;Boring tot 2.5m-mv;stuk;63
07-2026 Standaardprijslijst;01 - Standaardlijst;2007;Boring tot 3m-mv;stuk;65
07-2026 Standaardprijslijst;01 - Standaardlijst;2008;Boring tot 3.5m-mv;stuk;76
07-2026 Standaardprijslijst;01 - Standaardlijst;2009;Boring tot 4m-mv;stuk;109
07-2026 Standaardprijslijst;01 - Standaardlijst;2010;Boring tot 4.5m-mv;stuk;137
07-2026 Standaardprijslijst;01 - Standaardlijst;2011;Boring tot 5m-mv;stuk;163
07-2026 Standaardprijslijst;01 - Standaardlijst;2012;Steekbussen;stuk;24
07-2026 Standaardprijslijst;01 - Standaardlijst;3001;Peilbuis tot 2m-mv;stuk;94
07-2026 Standaardprijslijst;01 - Standaardlijst;3002;Peilbuis tot 2.5m-mv;stuk;99
07-2026 Standaardprijslijst;01 - Standaardlijst;3003;Peilbuis tot 3m-mv;stuk;107
07-2026 Standaardprijslijst;01 - Standaardlijst;3004;Peilbuis tot 3.5m-mv;stuk;123
07-2026 Standaardprijslijst;01 - Standaardlijst;3005;Peilbuis tot 4m-mv;stuk;174
07-2026 Standaardprijslijst;01 - Standaardlijst;3006;Peilbuis tot 4.5m-mv;stuk;196
07-2026 Standaardprijslijst;01 - Standaardlijst;3007;Peilbuis tot 5m-mv;stuk;219
07-2026 Standaardprijslijst;01 - Standaardlijst;3009;Straatpot, niet afsluitbaar;stuk;32
07-2026 Standaardprijslijst;01 - Standaardlijst;3010;Straatpot, afsluitbaar;stuk;88
07-2026 Standaardprijslijst;01 - Standaardlijst;4001;Voorrijkosten watermonstername;stuk;54
07-2026 Standaardprijslijst;01 - Standaardlijst;4002;Watermonstername met zware metalen;stuk;60
07-2026 Standaardprijslijst;01 - Standaardlijst;4003;Watermonstername zonder zware metalen filter;stuk;47,1
07-2026 Standaardprijslijst;01 - Standaardlijst;5001;Inspectie gat (0,3x0,3x0,5) + Boring tot 0,5m-mv;Stuk;55
07-2026 Standaardprijslijst;01 - Standaardlijst;5002;Inspectiegat 30x30x0,5m +boren tot 1m;meters;68
07-2026 Standaardprijslijst;01 - Standaardlijst;5004;Inspectie gat (0,3x0,3x0,5) + boren tot 1,5m;meters;84
07-2026 Standaardprijslijst;01 - Standaardlijst;5005;Inspectie gat (0,3x0,3x0,5) + boren tot 2m;meters;89
07-2026 Standaardprijslijst;01 - Standaardlijst;5006;Inspectie gat (0,3x0,3x0,5) + boren tot 2,5m;meters;94
07-2026 Standaardprijslijst;01 - Standaardlijst;5007;Inspectie gat (0,3x0,3x0,5) + boren tot 3m;meters;96
07-2026 Standaardprijslijst;01 - Standaardlijst;5008;PID meter;Per Project;20
07-2026 Standaardprijslijst;01 - Standaardlijst;5009;Nemen slibmonsters;stuk;22
07-2026 Standaardprijslijst;01 - Standaardlijst;5010;Opstartkosten betonboren;project;85
07-2026 Standaardprijslijst;01 - Standaardlijst;5011;Beton/asfaltboren per cm;cm;2,6
07-2026 Standaardprijslijst;01 - Standaardlijst;5015;Inspectie gat 30x30x50 zonder Pot;stuk;31
07-2026 Standaardprijslijst;011 Extra artikelen;5201;Aggregaat;Dag;68
07-2026 Standaardprijslijst;011 Extra artikelen;5204;Boot naar Texel;stuk;90
07-2026 Standaardprijslijst;011 Extra artikelen;5205;Inzet Boot;dag;145
07-2026 Standaardprijslijst;011 Extra artikelen;5206;Inzet deco-unit (incl. aan-en afvoer);dag;400
07-2026 Standaardprijslijst;011 Extra artikelen;5207;Minigraver;dag;850
07-2026 Standaardprijslijst;011 Extra artikelen;5208;Veldwerkuren;uur;75
07-2026 Standaardprijslijst;011 Extra artikelen;5208;Veldwerkuren;uur;79
07-2026 Standaardprijslijst;011 Extra artikelen;5209;(D)GPS inmeten of Uitzetten 0 tm 10 boringen;keer;91
07-2026 Standaardprijslijst;01 - Standaardlijst;5211;Dag Geoprobe;;1400
07-2026 Standaardprijslijst;01 - Standaardlijst;5214;Kraan voor asbestsleuven;;1075
07-2026 Standaardprijslijst;01 - Standaardlijst;5215;Quad Huur;dag;165
07-2026 Standaardprijslijst;20 - Machinaal boren;5216;Dag Sonic;;2250
07-2026 Standaardprijslijst;20 - Machinaal boren;5217;Transport Sonic;;550
07-2026 Standaardprijslijst;02 - Boringen in handkracht;12013;Boring tot 6m-mv;stuk;193
07-2026 Standaardprijslijst;02 - Boringen in handkracht;12013;Boring tot 6m-mv;stuk;160
07-2026 Standaardprijslijst;02 - Boringen in handkracht;12015;Boring tot 7m-mv;stuk;175
07-2026 Standaardprijslijst;11 - Ramgutsen;21001;Ramguts inzet per boring;stuk;25
07-2026 Standaardprijslijst;14 - Overig;24012;Lichte verkeersmaatregelen;dag;250
07-2026 Standaardprijslijst;14 - Overig;9911007;Mob/demob. machinale boorstelling;dag;500
01-Aveco 2026 Raamcontract;01 - Standaardlijst;A1;Vaste kosten (voorbereidings- en afhandelingskosten);Stuk;44
01-Aveco 2026 Raamcontract;01 - Standaardlijst;A2;Reiskosten - aantal KM naar de locatie gerekend vanaf de dichtstbijzijnde standplaats/woonadres;Stuk;0,89
01-Aveco 2026 Raamcontract;01 - Standaardlijst;A3;Reistijd (enkele reis) 0 tot 1uur (1 veldwerkbus met 1 medewerker);Stuk;89
01-Aveco 2026 Raamcontract;01 - Standaardlijst;A4;Reistijd (enkele reis) 1 tot 1,5 uur (1 veldwerkbus met 1 medewerker);Stuk;127
01-Aveco 2026 Raamcontract;01 - Standaardlijst;A5;Reistijd (enkele reis) 1,5 tot 2 uur (1 veldwerkbus met 1 medewerker);Stuk;179
01-Aveco 2026 Raamcontract;01 - Standaardlijst;A6;Reistijd (enkele reis) 2 tot 2,5 uur (1 veldwerkbus met 1 medewerker);Stuk;224
01-Aveco 2026 Raamcontract;01 - Standaardlijst;A7;KLIC-melding;Stuk;62
01-Aveco 2026 Raamcontract;01 - Standaardlijst;A8;Verwijderen bestrating en herbestrating;Stuk;11
01-Aveco 2026 Raamcontract;01 - Standaardlijst;B1;Uitvoeren boring en plaatsen peilbuis, materiaal pvc, tot 2,0 m - mv, 32 mm;Stuk;104
01-Aveco 2026 Raamcontract;01 - Standaardlijst;B2;Uitvoeren boring en plaatsen peilbuis, materiaal pvc, tot 2,5 m - mv, 32 mm;Stuk;109
01-Aveco 2026 Raamcontract;01 - Standaardlijst;B3;Uitvoeren boring en plaatsen peilbuis, materiaal pvc, tot 3,0 m - mv, 32 mm;Stuk;118
01-Aveco 2026 Raamcontract;01 - Standaardlijst;B4;Uitvoeren boring en plaatsen peilbuis, materiaal pvc, tot 3,0 m - mv, 40 mm;Stuk;131
01-Aveco 2026 Raamcontract;01 - Standaardlijst;B5;Uitvoeren boring en plaatsen peilbuis, materiaal hdpe tot 3,0 m - mv, 63 mm;Stuk;235
01-Aveco 2026 Raamcontract;01 - Standaardlijst;B6;Uitvoeren boring en plaatsen peilbuis, materiaal pvc, tot 3,5 m - mv, 32 mm;Stuk;137
01-Aveco 2026 Raamcontract;01 - Standaardlijst;B7;Uitvoeren boring en plaatsen peilbuis, materiaal pvc, tot 4,0 m - mv, 32 mm;Stuk;193
01-Aveco 2026 Raamcontract;01 - Standaardlijst;B8;Uitvoeren boring en plaatsen peilbuis, materiaal pvc, tot 4,5 m - mv, 32 mm;Stuk;211
01-Aveco 2026 Raamcontract;01 - Standaardlijst;B9;Uitvoeren boring en plaatsen peilbuis, materiaal pvc, tot 5,0 m - mv, 32 mm;Stuk;244
01-Aveco 2026 Raamcontract;01 - Standaardlijst;B10;Uitvoeren boring en plaatsen peilbuis, materiaal pvc, tot 5,5 m - mv, 32 mm;Stuk;270
01-Aveco 2026 Raamcontract;01 - Standaardlijst;B11;Uitvoeren boring en plaatsen peilbuis, materiaal pvc, tot 6,0 m - mv, 32 mm;Stuk;297
01-Aveco 2026 Raamcontract;01 - Standaardlijst;B12;Uitvoeren boring en plaatsen peilbuis, materiaal pvc, tot 6,0 m - mv, 40 mm;Stuk;358
01-Aveco 2026 Raamcontract;01 - Standaardlijst;B13;Uitvoeren boring en plaatsen peilbuis, materiaal hdpe tot 6,0 m - mv, 63 mm;Stuk;691
01-Aveco 2026 Raamcontract;01 - Standaardlijst;B14;Uitvoeren boring en plaatsen peilbuis, materiaal pvc, tot 6,5 m - mv, 32 mm;Stuk;360
01-Aveco 2026 Raamcontract;01 - Standaardlijst;B15;Uitvoeren boring en plaatsen peilbuis, materiaal pvc, tot 7,0 m - mv, 32 mm;Stuk;484
01-Aveco 2026 Raamcontract;01 - Standaardlijst;B16;Uitvoeren boring en plaatsen peilbuis, materiaal pvc, tot 7,5 m - mv, 32 mm;Stuk;519
01-Aveco 2026 Raamcontract;01 - Standaardlijst;B17;Uitvoeren boring en plaatsen peilbuis, materiaal pvc, tot 8,0 m - mv, 32 mm;Stuk;553
01-Aveco 2026 Raamcontract;01 - Standaardlijst;C1;Klinkerstraatpot 100x205mm;Stuk;35
01-Aveco 2026 Raamcontract;01 - Standaardlijst;C2;Straatpot 140x140 niet afsluitbaar, geel kunststof deksel;Stuk;35
01-Aveco 2026 Raamcontract;01 - Standaardlijst;C3;Straatpot 140x140 niet afsluitbaar, geel kunststof deksel met metalen kern tbv metaaldetectie;Stuk;41
01-Aveco 2026 Raamcontract;01 - Standaardlijst;C4;Straatpot 140x140 afsluitbaar, inbus M10 (8mm), geel kunststof deksel;Stuk;55
01-Aveco 2026 Raamcontract;01 - Standaardlijst;C5;Straatpot 190x190, zwart PA deksel, inbusbout M10 (anti-diefstal);Stuk;102
01-Aveco 2026 Raamcontract;01 - Standaardlijst;C6;Betontegel met uitsparing (omranding) voor straatpot 140x140;Stuk;34
01-Aveco 2026 Raamcontract;01 - Standaardlijst;C7;Kunststof beschermpot ø120mm (t.b.v. afwerking kernboring);Stuk;41
01-Aveco 2026 Raamcontract;01 - Standaardlijst;C8;RVS afdekkap t.b.v. boorgat ø120mm, plaat ø170x2mm;Stuk;55
01-Aveco 2026 Raamcontract;01 - Standaardlijst;C9;RVS afdekkap t.b.v. boorgat ø120mm, plaat ø170x4mm (zwaar);Stuk;62
01-Aveco 2026 Raamcontract;01 - Standaardlijst;C10;PVC beschermbuis ø110mm L=30cm + PE deksel;Stuk;14
01-Aveco 2026 Raamcontract;01 - Standaardlijst;C11;Kunststof beschermkoker ø125 L=1,5m. Inclusief kunststof kap en lip t.b.v. hangslot;Stuk;179
01-Aveco 2026 Raamcontract;01 - Standaardlijst;C12;Kunststof beschermkoker ø160 L=1,5m. Inclusief kunststof kap en RVS borgpen;Stuk;332
01-Aveco 2026 Raamcontract;01 - Standaardlijst;C13;RVS beschermkoker ø70 L=1,20m. Grijs GVK deksel;Stuk;193
01-Aveco 2026 Raamcontract;01 - Standaardlijst;C14;Stalen beschermkoker ø76 L=1m verzinkt;Stuk;186
01-Aveco 2026 Raamcontract;01 - Standaardlijst;C15;Stalen beschermkoker ø127 L=1m verzinkt;Stuk;201
01-Aveco 2026 Raamcontract;01 - Standaardlijst;C16;Stalen beschermkoker ø159 L=1m verzinkt;Stuk;276
01-Aveco 2026 Raamcontract;01 - Standaardlijst;C17;Stalen beschermkoker ø219 L=1m verzinkt;Stuk;314
01-Aveco 2026 Raamcontract;01 - Standaardlijst;C18;Aanzagen bestrating t.b.v. straatpot;Stuk;7
01-Aveco 2026 Raamcontract;01 - Standaardlijst;D1;Asbestinspectiegat tot 0,5 m-mv (max. 1 laag, geen asbest verdacht materiaal);Stuk;34
01-Aveco 2026 Raamcontract;01 - Standaardlijst;D2;Asbestinspectiegat tot 0,5 m-mv, doorgezet tot 1,0 m-mv;Stuk;75
01-Aveco 2026 Raamcontract;01 - Standaardlijst;D3;Asbestinspectiegat tot 0,5 m-mv, doorgezet tot 1,5 m-mv;Stuk;92
01-Aveco 2026 Raamcontract;01 - Standaardlijst;D4;Asbestinspectiegat tot 0,5 m-mv, doorgezet tot 2,0 m-mv;Stuk;98
01-Aveco 2026 Raamcontract;01 - Standaardlijst;D5;Asbestinspectiegat tot 0,5 m-mv, doorgezet tot 2,5 m-mv;Stuk;104
01-Aveco 2026 Raamcontract;01 - Standaardlijst;D6;Asbestinspectiegat tot 0,5 m-mv, doorgezet tot 3,0 m-mv;Stuk;106
01-Aveco 2026 Raamcontract;01 - Standaardlijst;D7;Asbestinspectiegat tot 0,5 m-mv, doorgezet tot 3,5 m-mv;Stuk;118
01-Aveco 2026 Raamcontract;01 - Standaardlijst;D8;Asbestinspectiegat tot 0,5 m-mv, doorgezet tot 4,0 m-mv;Stuk;156
01-Aveco 2026 Raamcontract;01 - Standaardlijst;D9;Asbestinspectiegat tot 0,5 m-mv, doorgezet tot 4,5 m-mv;Stuk;185
01-Aveco 2026 Raamcontract;01 - Standaardlijst;D10;Asbestinspectiegat tot 0,5 m-mv, doorgezet tot 5,0 m-mv;Stuk;216
01-Aveco 2026 Raamcontract;01 - Standaardlijst;D11;Asbestinspectiegat tot 0,5 m-mv, doorgezet tot 5,5 m-mv;Stuk;236
01-Aveco 2026 Raamcontract;01 - Standaardlijst;D12;Asbestinspectiegat tot 0,5 m-mv, doorgezet tot 6,0 m-mv;Stuk;257
01-Aveco 2026 Raamcontract;01 - Standaardlijst;D13;Graven sleuven 2,0 x 0,4 x 0,5 (handmatig);Stuk;345
01-Aveco 2026 Raamcontract;01 - Standaardlijst;D14;Inzet kraan incl. aan- en afvoerkosten;Stuk;1,245
01-Aveco 2026 Raamcontract;01 - Standaardlijst;D15;Aan-, en afvoerkosten kraan;Stuk;242
01-Aveco 2026 Raamcontract;01 - Standaardlijst;D16;Inhuur decounit;Stuk;484
01-Aveco 2026 Raamcontract;01 - Standaardlijst;D17;Aan-, afvoer- en schoonmaakkosten decounit;Stuk;242
01-Aveco 2026 Raamcontract;01 - Standaardlijst;E1;Waterbodemmonstername m.b.v. zuigerboor vanaf oever;Stuk;179
01-Aveco 2026 Raamcontract;01 - Standaardlijst;E2;Waterbodemmonsternamen m.b.v. zuigerboor vanaf boot (vanaf waterkolom 4 m doorsnede en 0,5m onder de vaste waterbodem);Stuk;179
01-Aveco 2026 Raamcontract;01 - Standaardlijst;E3;Slibmengmonster in veld (traject max. 500 meter, uit max. 10 steken, exclusief monsterneming);Stuk;262
01-Aveco 2026 Raamcontract;01 - Standaardlijst;E4;Inzet werkvlot/boot;Stuk;104
01-Aveco 2026 Raamcontract;01 - Standaardlijst;E5;Aan- en afvoer kosten werkvlot/boot;Stuk;69
01-Aveco 2026 Raamcontract;01 - Standaardlijst;E6;Inmeten dwarsprofiel (max. 5 meter breed), m.b.v. GPS;Stuk;34
01-Aveco 2026 Raamcontract;01 - Standaardlijst;F1;Beton-/asfaltboringen - basiskosten (opstartkosten / voorrijdkosten);Stuk;101,05
01-Aveco 2026 Raamcontract;01 - Standaardlijst;F2;Beton-/asfaltboringen - tarief per cm (diameter 120mm);Stuk;3,12
01-Aveco 2026 Raamcontract;01 - Standaardlijst;F3;Beton-/asfaltboringen - toeslag inzet aggregaat (elektriciteit) en watervoorziening;Stuk;81,7
01-Aveco 2026 Raamcontract;01 - Standaardlijst;F4;Beton-/asfaltboringen - afwerken met cement/koud asfalt;Stuk;6,45
01-Aveco 2026 Raamcontract;01 - Standaardlijst;F5;Ramgutsen - basiskosten (mobilisatie);Stuk;75
01-Aveco 2026 Raamcontract;01 - Standaardlijst;F6;Ramgutsen - tarief per meter;Stuk;37
01-Aveco 2026 Raamcontract;01 - Standaardlijst;F7;PID-meting;Stuk;21
01-Aveco 2026 Raamcontract;01 - Standaardlijst;F8;Afvoer boorafval (>25kg);Stuk;10
01-Aveco 2026 Raamcontract;01 - Standaardlijst;F9;Voorgraven t.b.v. K&L;Stuk;31
01-Aveco 2026 Raamcontract;01 - Standaardlijst;F10;Milieukundig veldwerker - 1 uur (exclusief reisuren en kilometers);Stuk;89
01-Aveco 2026 Raamcontract;01 - Standaardlijst;F11;Milieukundig veldwerker - 4 uur (exclusief reisuren en kilometers);Stuk;359
01-Aveco 2026 Raamcontract;01 - Standaardlijst;F12;Milieukundig veldwerker - 8 uur (exclusief reisuren en kilometers);Stuk;718
01-Aveco 2026 Raamcontract;01 - Standaardlijst;F13;Ploeg, 2x milieukundig veldwerker - 1 uur (exclusief reisuren en kilometers);Stuk;179
01-Aveco 2026 Raamcontract;01 - Standaardlijst;F14;Ploeg, 2x milieukundig veldwerker - 4 uur (exclusief reisuren en kilometers);Stuk;718
01-Aveco 2026 Raamcontract;01 - Standaardlijst;F15;Ploeg, 2x milieukundig veldwerker - 8 uur (exclusief reisuren en kilometers);Stuk;1,439
01-Aveco 2026 Raamcontract;01 - Standaardlijst;G1;Inmeten punten (RD-XYZ-coördinaten) met GPS;Stuk;3,5
01-Aveco 2026 Raamcontract;01 - Standaardlijst;G2;Bepalen hoogte bovenkant PB en maaiveld t.o.v. NAP met GPS (XYZ-coördinaten);Stuk;4,7
01-Aveco 2026 Raamcontract;01 - Standaardlijst;4004;Watermonster incl. lozingspakket;Stuk;75
01-Aveco 2026 Raamcontract;011 Extra artikelen;222;HCN Meter per dag;Stuk;43
01-Aveco 2026 Raamcontract;01 - Standaardlijst;12121212;Vaste Prijsafspraak;stuk;2400
01-Aveco 2026 Raamcontract;011 Extra artikelen;1234156;Beton\Asfalt boring 350mm inlc afwerking;Stuk;215
01-Aveco 2026 Raamcontract;011 Extra artikelen;4321;Voorwaarschuwingswagen;Stuk;209,63
01-Aveco 2026 Raamcontract;011 Extra artikelen;3009-3H;Project begeleiding ap04;Stuk;225
01-Aveco 2026 Raamcontract;01 - Standaardlijst;2001;Boring tot 0,5 m-mv;Stuk;26
01-Aveco 2026 Raamcontract;01 - Standaardlijst;2002;Boring tot 1m-mv;stuk;41
01-Aveco 2026 Raamcontract;01 - Standaardlijst;2004;Boring van 1,5m-mv;stuk;59
01-Aveco 2026 Raamcontract;01 - Standaardlijst;2005;Boring tot 2m-mv;stuk;63
01-Aveco 2026 Raamcontract;01 - Standaardlijst;2006;Boring tot 2.5m-mv;stuk;69
01-Aveco 2026 Raamcontract;01 - Standaardlijst;2007;Boring tot 3m-mv;stuk;72
01-Aveco 2026 Raamcontract;01 - Standaardlijst;2008;Boring tot 3.5m-mv;stuk;85
01-Aveco 2026 Raamcontract;01 - Standaardlijst;2009;Boring tot 4m-mv;stuk;121
01-Aveco 2026 Raamcontract;01 - Standaardlijst;2010;Boring tot 4.5m-mv;stuk;152
01-Aveco 2026 Raamcontract;01 - Standaardlijst;2011;Boring tot 5m-mv;stuk;182
01-Aveco 2026 Raamcontract;01 - Standaardlijst;2012;Steekbussen;stuk;22
01-Aveco 2026 Raamcontract;01 - Standaardlijst;4001;Voorrijkosten watermonstername;stuk;62
01-Aveco 2026 Raamcontract;01 - Standaardlijst;4002;Watermonstername met zware metalen;stuk;67
01-Aveco 2026 Raamcontract;01 - Standaardlijst;4003;Watermonstername zonder zware metalen filter;stuk;53
01-Aveco 2026 Raamcontract;01 - Standaardlijst;5211;Dag Geoprobe;;1600
01-Aveco 2026 Raamcontract;01 - Standaardlijst;5215;Quad Huur;dag;134,38
01-Aveco 2026 Raamcontract;02 - Boringen in handkracht;12013;Boring tot 6m-mv;stuk;180
08-Arcadis PWN 2026;01 - Standaardlijst;12121212;Vaste Prijsafspraak;stuk;700
08-Arcadis PWN 2026;06 - Monstername grondwater;4005;Watermonster incl. lozingspakket;Stuk;115,5
08-Arcadis PWN 2026;01 - Standaardlijst;1001;Klic melding;stuk;55
08-Arcadis PWN 2026;01 - Standaardlijst;1002;Reiskosten+ certificeringskosten;stuk;720
08-Arcadis PWN 2026;01 - Standaardlijst;1005;Standaard onderzoek incl. boring tot max 2m incl voorrijkosten (PWN);stuk;120,24
08-Arcadis PWN 2026;01 - Standaardlijst;1006;Standaard onderzoek incl. Peilbuis tot max 3,5m incl watermonsternamen (PWN);stuk;252,5
08-Arcadis PWN 2026;01 - Standaardlijst;2001;Boring tot 0,5 m-mv;Stuk;9,62
08-Arcadis PWN 2026;01 - Standaardlijst;2002;Boring tot 1m-mv;stuk;22,85
08-Arcadis PWN 2026;01 - Standaardlijst;2003;Boring tot 1.5m contract;meters;26,45
08-Arcadis PWN 2026;01 - Standaardlijst;2005;Boring tot 2m-mv;stuk;33,67
08-Arcadis PWN 2026;01 - Standaardlijst;2006;Boring tot 2.5m-mv;stuk;36,07
08-Arcadis PWN 2026;01 - Standaardlijst;2007;Boring tot 3m-mv;stuk;39,68
08-Arcadis PWN 2026;01 - Standaardlijst;2008;Boring tot 3.5m-mv;stuk;46,9
08-Arcadis PWN 2026;01 - Standaardlijst;2009;Boring tot 4m-mv;stuk;49,3
08-Arcadis PWN 2026;01 - Standaardlijst;2012;Steekbussen;stuk;24,05
08-Arcadis PWN 2026;01 - Standaardlijst;3001;Peilbuis tot 2m-mv;stuk;72,14
08-Arcadis PWN 2026;01 - Standaardlijst;3002;Peilbuis tot 2.5m-mv;stuk;79,36
08-Arcadis PWN 2026;01 - Standaardlijst;3003;Peilbuis tot 3m-mv;stuk;81,76
08-Arcadis PWN 2026;01 - Standaardlijst;3004;Peilbuis tot 3.5m-mv;stuk;84,98
08-Arcadis PWN 2026;01 - Standaardlijst;3005;Peilbuis tot 4m-mv;stuk;123,24
08-Arcadis PWN 2026;01 - Standaardlijst;3009;Straatpot, niet afsluitbaar;stuk;28,255
08-Arcadis PWN 2026;01 - Standaardlijst;3010;Straatpot, afsluitbaar;stuk;42,08
08-Arcadis PWN 2026;01 - Standaardlijst;4001;Voorrijkosten watermonstername;stuk;48,09
08-Arcadis PWN 2026;01 - Standaardlijst;4002;Watermonstername met zware metalen;stuk;46,89
08-Arcadis PWN 2026;01 - Standaardlijst;5001;Inspectie gat (0,3x0,3x0,5) + Boring tot 0,5m-mv;Stuk;19,24
08-Arcadis PWN 2026;01 - Standaardlijst;5008;PID meter;Per Project;18,04
08-Arcadis PWN 2026;01 - Standaardlijst;5009;Nemen slibmonsters;stuk;30,05
08-Arcadis PWN 2026;01 - Standaardlijst;5010;Opstartkosten betonboren;project;90,18
08-Arcadis PWN 2026;01 - Standaardlijst;5011;Beton/asfaltboren per cm;cm;2,84
08-Arcadis PWN 2026;01 - Standaardlijst;5012;Inspectiegat + Boring van 1m contract;Stuk;46,29
08-Arcadis PWN 2026;01 - Standaardlijst;5013;Inspectiegat + Boring van 1.5 contract;Stuk;45,69
08-Arcadis PWN 2026;01 - Standaardlijst;5014;Inspectiegat + Boring van 2m contract;Stuk;52,9
08-Arcadis PWN 2026;01 - Standaardlijst;5015;Inspectie gat 30x30x50 zonder Pot;stuk;16,83
08-Arcadis PWN 2026;011 Extra artikelen;5201;Aggregaat;Dag;102,2
08-Arcadis PWN 2026;011 Extra artikelen;5204;Boot naar Texel;stuk;102,2
08-Arcadis PWN 2026;011 Extra artikelen;5205;Inzet Boot;dag;85,88
08-Arcadis PWN 2026;011 Extra artikelen;5207;Minigraver;dag;832,8
08-Arcadis PWN 2026;011 Extra artikelen;5208;Veldwerkuren;uur;78,075
08-Arcadis PWN 2026;011 Extra artikelen;5209;(D)GPS inmeten of Uitzetten 0 tm 10 boringen;keer;90,18
08-Arcadis PWN 2026;01 - Standaardlijst;5212;MKB uren;;60
08-Arcadis PWN 2026;11 - Ramgutsen;21001;Ramguts inzet per boring;stuk;30,06
08-Arcadis PWN 2026;14 - Overig;24012;Lichte verkeersmaatregelen;dag;192,59
09-Q-terra 2026;01 - Standaardlijst;5300;Pakket A Grondonderzoek 1 t/m 3 boringen, standaard;Stuk;117
09-Q-terra 2026;01 - Standaardlijst;5301;Pakket B Grondonderzoek 1 t/m 3 boringen, Spoed;Stuk;160
09-Q-terra 2026;01 - Standaardlijst;5302;Pakket C Grondonderzoek 4 t/m 10 boringen, standaard;Stuk;337
09-Q-terra 2026;01 - Standaardlijst;5304;Pakket D Grondonderzoek 4 t/m 10 boringen, Spoed;Stuk;462,5
09-Q-terra 2026;01 - Standaardlijst;5305;Pakket  E Grond- en asbestonderzoek 1 t/m 3 boringen, standaard;Stuk;179
09-Q-terra 2026;01 - Standaardlijst;5306;Pakket F Grond- en asbestonderzoek 1 t/m 3 boringen, Spoed;Stuk;222
09-Q-terra 2026;01 - Standaardlijst;5307;Pakket G Grond- en asbestonderzoek 4 t/m 10 boringen, standaard;Stuk;608
09-Q-terra 2026;01 - Standaardlijst;5308;Pakket H Grond- en asbestonderzoek 4 t/m 10 boringen, Spoed;Stuk;734
09-Q-terra 2026;01 - Standaardlijst;5309;Pakket I Grond- en wateronderzoek 1 t/m 3 boringen, standaard incl. wm;Stuk;305
09-Q-terra 2026;01 - Standaardlijst;5310;Pakket J Grond- en wateronderzoek 1 t/m 3 boringen, Spoed incl. wm;Stuk;367
09-Q-terra 2026;01 - Standaardlijst;5312;Pakket L Grond- en wateronderzoek 4 t/m 10 boringen, Spoed incl. wm;Stuk;680
09-Q-terra 2026;01 - Standaardlijst;5311;Pakket K Grond- en wateronderzoek 4 t/m 10 boringen, standaard incl. wm;Stuk;557
09-Q-terra 2026;01 - Standaardlijst;5312;Pakket M Grond-, asbest- en wateronderzoek 1 t/m 3 boringen, standaard;Stuk;353
09-Q-terra 2026;01 - Standaardlijst;5313;Pakket N Grond-, asbest- en wateronderzoek 1 t/m 3 boringen, Spoed;Stuk;420
09-Q-terra 2026;01 - Standaardlijst;5314;Pakket O Grond-, asbest- en wateronderzoek 4 t/m 10 boringen, standaard;Stuk;733
09-Q-terra 2026;01 - Standaardlijst;5315;Pakket P Grond-, asbest- en wateronderzoek 4 t/m 10 boringen, Spoed;Stuk;855
09-Q-terra 2026;01 - Standaardlijst;5316;Pakket Q Uitvoering veldwerk inl. reistijd en materiaal p/u met omschrijving;Stuk;62,5
09-Q-terra 2026;01 - Standaardlijst;5317;Pakket R Monstername en opname grondwaterstand incl. reistijd;Stuk;72
92-Stedin/Antea 2018 (bijgewerkt 2026);01 - Standaardlijst;12121212;Vaste Prijsafspraak;stuk;800
92-Stedin/Antea 2018 (bijgewerkt 2026);10 - Betonboren;;Beton asfaltboring 350mm;Stuk;175
92-Stedin/Antea 2018 (bijgewerkt 2026);01 - Standaardlijst;11211;credit 0471985-107 € 55,- 0471993-115 € 70,-;Stuk;125
92-Stedin/Antea 2018 (bijgewerkt 2026);01 - Standaardlijst;11211;credit 0471985-107 € 55,- 0471993-115 € 70,-;Stuk;-125
92-Stedin/Antea 2018 (bijgewerkt 2026);01 - Standaardlijst;1001;Klic melding;stuk;45
92-Stedin/Antea 2018 (bijgewerkt 2026);01 - Standaardlijst;1002;Reiskosten+ certificeringskosten;stuk;59
92-Stedin/Antea 2018 (bijgewerkt 2026);01 - Standaardlijst;2001;Boring tot 0,5 m-mv;Stuk;15
92-Stedin/Antea 2018 (bijgewerkt 2026);01 - Standaardlijst;2002;Boring tot 1m-mv;stuk;25
92-Stedin/Antea 2018 (bijgewerkt 2026);01 - Standaardlijst;2003;Boring tot 1.2m-mv;stuk;30
92-Stedin/Antea 2018 (bijgewerkt 2026);01 - Standaardlijst;2004;Boring van 1,5m-mv;stuk;35
92-Stedin/Antea 2018 (bijgewerkt 2026);01 - Standaardlijst;2005;Boring tot 2m-mv;stuk;40
92-Stedin/Antea 2018 (bijgewerkt 2026);01 - Standaardlijst;2006;Boring tot 2.5m-mv;stuk;42
92-Stedin/Antea 2018 (bijgewerkt 2026);01 - Standaardlijst;2007;Boring tot 3m-mv;stuk;47
92-Stedin/Antea 2018 (bijgewerkt 2026);01 - Standaardlijst;2008;Boring tot 3.5m-mv;stuk;55
92-Stedin/Antea 2018 (bijgewerkt 2026);01 - Standaardlijst;2009;Boring tot 4m-mv;stuk;78
92-Stedin/Antea 2018 (bijgewerkt 2026);01 - Standaardlijst;2010;Boring tot 4.5m-mv;stuk;100
92-Stedin/Antea 2018 (bijgewerkt 2026);01 - Standaardlijst;2011;Boring tot 5m-mv;stuk;115
92-Stedin/Antea 2018 (bijgewerkt 2026);01 - Standaardlijst;2012;Steekbussen;stuk;20
92-Stedin/Antea 2018 (bijgewerkt 2026);01 - Standaardlijst;3001;Peilbuis tot 2m-mv;stuk;60
92-Stedin/Antea 2018 (bijgewerkt 2026);01 - Standaardlijst;3002;Peilbuis tot 2.5m-mv;stuk;65
92-Stedin/Antea 2018 (bijgewerkt 2026);01 - Standaardlijst;3003;Peilbuis tot 3m-mv;stuk;70
92-Stedin/Antea 2018 (bijgewerkt 2026);01 - Standaardlijst;3004;Peilbuis tot 3.5m-mv;stuk;80
92-Stedin/Antea 2018 (bijgewerkt 2026);01 - Standaardlijst;3005;Peilbuis tot 4m-mv;stuk;110
92-Stedin/Antea 2018 (bijgewerkt 2026);01 - Standaardlijst;3006;Peilbuis tot 4.5m-mv;stuk;124,5
92-Stedin/Antea 2018 (bijgewerkt 2026);01 - Standaardlijst;3007;Peilbuis tot 5m-mv;stuk;130
92-Stedin/Antea 2018 (bijgewerkt 2026);01 - Standaardlijst;3009;Straatpot, niet afsluitbaar;stuk;20
92-Stedin/Antea 2018 (bijgewerkt 2026);01 - Standaardlijst;3010;Straatpot, afsluitbaar;stuk;25
92-Stedin/Antea 2018 (bijgewerkt 2026);01 - Standaardlijst;4001;Voorrijkosten watermonstername;stuk;35
92-Stedin/Antea 2018 (bijgewerkt 2026);01 - Standaardlijst;4002;Watermonstername met zware metalen;stuk;35
92-Stedin/Antea 2018 (bijgewerkt 2026);01 - Standaardlijst;4003;Watermonstername zonder zware metalen filter;stuk;27,5
92-Stedin/Antea 2018 (bijgewerkt 2026);01 - Standaardlijst;4004;Voorbereiding en Certificeringskosten;stuk;9
92-Stedin/Antea 2018 (bijgewerkt 2026);01 - Standaardlijst;5001;Inspectie gat (0,3x0,3x0,5) + Boring tot 0,5m-mv;Stuk;30
92-Stedin/Antea 2018 (bijgewerkt 2026);01 - Standaardlijst;5002;Inspectiegat 30x30x0,5m +boren tot 1m;meters;40
92-Stedin/Antea 2018 (bijgewerkt 2026);01 - Standaardlijst;5004;Inspectie gat (0,3x0,3x0,5) + boren tot 1,5m;meters;50
92-Stedin/Antea 2018 (bijgewerkt 2026);01 - Standaardlijst;5005;Inspectie gat (0,3x0,3x0,5) + boren tot 2m;meters;55
92-Stedin/Antea 2018 (bijgewerkt 2026);01 - Standaardlijst;5006;Inspectie gat (0,3x0,3x0,5) + boren tot 2,5m;meters;60
92-Stedin/Antea 2018 (bijgewerkt 2026);01 - Standaardlijst;5007;Inspectie gat (0,3x0,3x0,5) + boren tot 3m;meters;62
92-Stedin/Antea 2018 (bijgewerkt 2026);01 - Standaardlijst;5008;PID meter;Per Project;15
92-Stedin/Antea 2018 (bijgewerkt 2026);01 - Standaardlijst;5009;Nemen slibmonsters;stuk;15
92-Stedin/Antea 2018 (bijgewerkt 2026);01 - Standaardlijst;5010;Opstartkosten betonboren;project;45
92-Stedin/Antea 2018 (bijgewerkt 2026);01 - Standaardlijst;5011;Beton/asfaltboren per cm;cm;2,1
92-Stedin/Antea 2018 (bijgewerkt 2026);01 - Standaardlijst;5015;Inspectie gat 30x30x50 zonder Pot;stuk;22,5
92-Stedin/Antea 2018 (bijgewerkt 2026);011 Extra artikelen;5201;Aggregaat;Dag;40
92-Stedin/Antea 2018 (bijgewerkt 2026);011 Extra artikelen;5202;Partijkeuring in depot tot 10.000 ton;stuk;330
92-Stedin/Antea 2018 (bijgewerkt 2026);011 Extra artikelen;5202;Partijkeuring in depot tot 10.000 ton;stuk;330
92-Stedin/Antea 2018 (bijgewerkt 2026);011 Extra artikelen;5203;Zware metalen filter;stuk;7,5
92-Stedin/Antea 2018 (bijgewerkt 2026);011 Extra artikelen;5204;Boot naar Texel;stuk;75
92-Stedin/Antea 2018 (bijgewerkt 2026);011 Extra artikelen;5205;Inzet Boot;dag;75
92-Stedin/Antea 2018 (bijgewerkt 2026);011 Extra artikelen;5206;Inzet deco-unit (incl. aan-en afvoer);dag;
92-Stedin/Antea 2018 (bijgewerkt 2026);011 Extra artikelen;5207;Minigraver;dag;350
92-Stedin/Antea 2018 (bijgewerkt 2026);011 Extra artikelen;5208;Veldwerkuren;uur;55
92-Stedin/Antea 2018 (bijgewerkt 2026);011 Extra artikelen;5209;(D)GPS inmeten of Uitzetten 0 tm 10 boringen;keer;75
92-Stedin/Antea 2018 (bijgewerkt 2026);01 - Standaardlijst;5211;Dag Geoprobe;;1250
92-Stedin/Antea 2018 (bijgewerkt 2026);01 - Standaardlijst;5215;Vaste Prijs afspraak door boren fundatie;keer;200
92-Stedin/Antea 2018 (bijgewerkt 2026);20 - Machinaal boren;5216;Dag Sonic;;1500
92-Stedin/Antea 2018 (bijgewerkt 2026);20 - Machinaal boren;5217;Transport Sonic;;250
92-Stedin/Antea 2018 (bijgewerkt 2026);11 - Ramgutsen;21001;Ramguts inzet per boring;stuk;22
99-2024 Standaardprijslijst;01 - Standaardlijst;12121212;Vaste Prijsafspraak;stuk;1400
99-2024 Standaardprijslijst;011 Extra artikelen;1011010;Zak bentoniet;stuk;20
99-2024 Standaardprijslijst;01 - Standaardlijst;98764;Bentoniet en Grind per peilbuis;stuk;20
99-2024 Standaardprijslijst;20 - Machinaal boren;;Verloren Punten;stuk;10
99-2024 Standaardprijslijst;01 - Standaardlijst;01;Credit;stuk;-79
99-2024 Standaardprijslijst;10 - Betonboren;;Afsmeren asfalt of betonborigen;Stuk;5,8
99-2024 Standaardprijslijst;011 Extra artikelen;;Nacht toeslag;Stuk;706,25
99-2024 Standaardprijslijst;06 - Monstername grondwater;4005;Watermonster incl. lozingspakket;Stuk;75
99-2024 Standaardprijslijst;011 Extra artikelen;0021;Peilbuis tot 3m-mv;Stuk;90,3
99-2024 Standaardprijslijst;011 Extra artikelen;0022;Peilbuis tot 4m-mv;Stuk;147
99-2024 Standaardprijslijst;011 Extra artikelen;0024;watermonster incl. PH / EC meting;Stuk;37,5
99-2024 Standaardprijslijst;10 - Betonboren;;Beton asfaltboring 350mm;Stuk;191,6
99-2024 Standaardprijslijst;01 - Standaardlijst;;Slibsteek met ondergrond;Stuk;33,6
99-2024 Standaardprijslijst;01 - Standaardlijst;12121212;Vaste Prijsafspraak;stuk;550
99-2024 Standaardprijslijst;011 Extra artikelen;5500;Verblijfkosten;Stuk;700
99-2024 Standaardprijslijst;01 - Standaardlijst;01;kunstof Afwerk koker;Stuk;120
99-2024 Standaardprijslijst;01 - Standaardlijst;000004;Voorrijkosten > 100 km;Stuk;129,2
99-2024 Standaardprijslijst;011 Extra artikelen;2131651651;Koppel Stratenmakers;Uur;110
99-2024 Standaardprijslijst;011 Extra artikelen;11111;Houten paal;Stuk;7,5
99-2024 Standaardprijslijst;01 - Standaardlijst;C14;Stalen beschermkoker ø76 L=1m verzinkt;Stuk;100
99-2024 Standaardprijslijst;20 - Machinaal boren;;Peilbuis materiaal 32mm HDPE;Meters;5
99-2024 Standaardprijslijst;011 Extra artikelen;12345;Depot bemonstering indicatief;Stuk;150
99-2024 Standaardprijslijst;011 Extra artikelen;0024;watermonster incl. PH / EC meting;Stuk;37,5
99-2024 Standaardprijslijst;01 - Standaardlijst;00123;Km vergoeding;Stuk;0,52
99-2024 Standaardprijslijst;011 Extra artikelen;1123;Deksel 120mm;Stuk;45,2
99-2024 Standaardprijslijst;20 - Machinaal boren;1234565432;Boot Texel Vrachtwagen;Stuk;150
99-2024 Standaardprijslijst;01 - Standaardlijst;1001;Klic melding;stuk;47,3
99-2024 Standaardprijslijst;01 - Standaardlijst;1002;Reiskosten+ certificeringskosten;stuk;81,4
99-2024 Standaardprijslijst;01 - Standaardlijst;1003;Voorrijkosten;project;35
99-2024 Standaardprijslijst;01 - Standaardlijst;2001;Boring tot 0,5 m-mv;Stuk;20
99-2024 Standaardprijslijst;01 - Standaardlijst;2002;Boring tot 1m-mv;stuk;31
99-2024 Standaardprijslijst;01 - Standaardlijst;2003;Boring tot 1.2m-mv;stuk;35
99-2024 Standaardprijslijst;01 - Standaardlijst;2004;Boring van 1,5m-mv;stuk;44,6
99-2024 Standaardprijslijst;01 - Standaardlijst;2005;Boring tot 2m-mv;stuk;48,8
99-2024 Standaardprijslijst;01 - Standaardlijst;2006;Boring tot 2.5m-mv;stuk;53
99-2024 Standaardprijslijst;01 - Standaardlijst;2007;Boring tot 3m-mv;stuk;55,1
99-2024 Standaardprijslijst;01 - Standaardlijst;2008;Boring tot 3.5m-mv;stuk;64,6
99-2024 Standaardprijslijst;01 - Standaardlijst;2009;Boring tot 4m-mv;stuk;92,4
99-2024 Standaardprijslijst;01 - Standaardlijst;2010;Boring tot 4.5m-mv;stuk;116
99-2024 Standaardprijslijst;01 - Standaardlijst;2011;Boring tot 5m-mv;stuk;138,6
99-2024 Standaardprijslijst;01 - Standaardlijst;2012;Steekbussen;stuk;22,5
99-2024 Standaardprijslijst;01 - Standaardlijst;3001;Peilbuis tot 2m-mv;stuk;79,3
99-2024 Standaardprijslijst;01 - Standaardlijst;3002;Peilbuis tot 2.5m-mv;stuk;83,5
99-2024 Standaardprijslijst;01 - Standaardlijst;3003;Peilbuis tot 3m-mv;stuk;90,3
99-2024 Standaardprijslijst;01 - Standaardlijst;3003;Peilbuis tot 3m-mv;stuk;70
99-2024 Standaardprijslijst;01 - Standaardlijst;3004;Peilbuis tot 3.5m-mv;stuk;103,9
99-2024 Standaardprijslijst;01 - Standaardlijst;3005;Peilbuis tot 4m-mv;stuk;147
99-2024 Standaardprijslijst;01 - Standaardlijst;3006;Peilbuis tot 4.5m-mv;stuk;165,9
99-2024 Standaardprijslijst;01 - Standaardlijst;3007;Peilbuis tot 5m-mv;stuk;185,3
99-2024 Standaardprijslijst;01 - Standaardlijst;3008;Peilbuis tot 5,5m-mv;stuk;175
99-2024 Standaardprijslijst;01 - Standaardlijst;3009;Straatpot, niet afsluitbaar;stuk;27,3
99-2024 Standaardprijslijst;01 - Standaardlijst;3010;Straatpot, afsluitbaar;stuk;70
99-2024 Standaardprijslijst;01 - Standaardlijst;4001;Voorrijkosten watermonstername;stuk;49,3
99-2024 Standaardprijslijst;01 - Standaardlijst;4002;Watermonstername met zware metalen;stuk;54,6
99-2024 Standaardprijslijst;01 - Standaardlijst;4003;Watermonstername zonder zware metalen filter;stuk;42,5
99-2024 Standaardprijslijst;01 - Standaardlijst;4004;Voorbereiding en Certificeringskosten;stuk;9
99-2024 Standaardprijslijst;01 - Standaardlijst;5001;Inspectie gat (0,3x0,3x0,5) + Boring tot 0,5m-mv;Stuk;45,7
99-2024 Standaardprijslijst;01 - Standaardlijst;5002;Inspectiegat 30x30x0,5m +boren tot 1m;meters;57,2
99-2024 Standaardprijslijst;01 - Standaardlijst;5004;Inspectie gat (0,3x0,3x0,5) + boren tot 1,5m;meters;70,4
99-2024 Standaardprijslijst;01 - Standaardlijst;5005;Inspectie gat (0,3x0,3x0,5) + boren tot 2m;meters;74,6
99-2024 Standaardprijslijst;01 - Standaardlijst;5006;Inspectie gat (0,3x0,3x0,5) + boren tot 2,5m;meters;78,8
99-2024 Standaardprijslijst;01 - Standaardlijst;5007;Inspectie gat (0,3x0,3x0,5) + boren tot 3m;meters;80,9
99-2024 Standaardprijslijst;01 - Standaardlijst;5008;PID meter;Per Project;16,8
99-2024 Standaardprijslijst;01 - Standaardlijst;5009;Nemen slibmonsters;stuk;20
99-2024 Standaardprijslijst;01 - Standaardlijst;5010;Opstartkosten betonboren;project;84,5
99-2024 Standaardprijslijst;01 - Standaardlijst;5011;Beton/asfaltboren per cm;cm;2,6
99-2024 Standaardprijslijst;01 - Standaardlijst;5015;Inspectie gat 30x30x50 zonder Pot;stuk;25,7
99-2024 Standaardprijslijst;011 Extra artikelen;5201;Aggregaat;Dag;67,7
99-2024 Standaardprijslijst;011 Extra artikelen;5203;Zware metalen filter;stuk;9,5
99-2024 Standaardprijslijst;011 Extra artikelen;5204;Boot naar Texel;stuk;85
99-2024 Standaardprijslijst;011 Extra artikelen;5205;Inzet Boot;dag;141,2
99-2024 Standaardprijslijst;011 Extra artikelen;5206;Inzet deco-unit (incl. aan-en afvoer);dag;380
99-2024 Standaardprijslijst;011 Extra artikelen;5207;Minigraver;dag;800
99-2024 Standaardprijslijst;011 Extra artikelen;5208;Veldwerkuren;uur;75
99-2024 Standaardprijslijst;011 Extra artikelen;5208;Veldwerkuren;uur;66,7
99-2024 Standaardprijslijst;011 Extra artikelen;5209;(D)GPS inmeten of Uitzetten 0 tm 10 boringen;keer;84,5
99-2024 Standaardprijslijst;01 - Standaardlijst;5211;Dag Geoprobe;;1400
99-2024 Standaardprijslijst;01 - Standaardlijst;5214;Kraan voor asbestsleuven;;1075
99-2024 Standaardprijslijst;01 - Standaardlijst;5215;Quad Huur;dag;125
99-2024 Standaardprijslijst;20 - Machinaal boren;5216;Dag Sonic;;1650
99-2024 Standaardprijslijst;20 - Machinaal boren;5217;Transport Sonic;;500
99-2024 Standaardprijslijst;02 - Boringen in handkracht;12013;Boring tot 6m-mv;stuk;175
99-2024 Standaardprijslijst;11 - Ramgutsen;21001;Ramguts inzet per boring;stuk;23,1
99-2024 Standaardprijslijst;14 - Overig;24012;Lichte verkeersmaatregelen;dag;175
99-2024 Standaardprijslijst;14 - Overig;9911007;Mob/demob. machinale boorstelling;dag;500
Arcadis PWN 2024;01 - Standaardlijst;12121212;Vaste Prijsafspraak;stuk;700
Arcadis PWN 2024;06 - Monstername grondwater;4005;Watermonster incl. lozingspakket;Stuk;110
Arcadis PWN 2024;01 - Standaardlijst;1001;Klic melding;stuk;55
Arcadis PWN 2024;01 - Standaardlijst;1002;Reiskosten+ certificeringskosten;stuk;720
Arcadis PWN 2024;01 - Standaardlijst;1005;Standaard onderzoek incl. boring tot max 2m incl voorrijkosten (PWN);stuk;110
Arcadis PWN 2024;01 - Standaardlijst;1006;Standaard onderzoek incl. Peilbuis tot max 3,5m incl watermonsternamen (PWN);stuk;231
Arcadis PWN 2024;01 - Standaardlijst;2001;Boring tot 0,5 m-mv;Stuk;8,8
Arcadis PWN 2024;01 - Standaardlijst;2002;Boring tot 1m-mv;stuk;20,9
Arcadis PWN 2024;01 - Standaardlijst;2003;Boring tot 1.5m contract;meters;24,2
Arcadis PWN 2024;01 - Standaardlijst;2005;Boring tot 2m-mv;stuk;30,8
Arcadis PWN 2024;01 - Standaardlijst;2006;Boring tot 2.5m-mv;stuk;33
Arcadis PWN 2024;01 - Standaardlijst;2007;Boring tot 3m-mv;stuk;36,3
Arcadis PWN 2024;01 - Standaardlijst;2008;Boring tot 3.5m-mv;stuk;42,9
Arcadis PWN 2024;01 - Standaardlijst;2009;Boring tot 4m-mv;stuk;45,1
Arcadis PWN 2024;01 - Standaardlijst;2012;Steekbussen;stuk;22
Arcadis PWN 2024;01 - Standaardlijst;3001;Peilbuis tot 2m-mv;stuk;66
Arcadis PWN 2024;01 - Standaardlijst;3002;Peilbuis tot 2.5m-mv;stuk;72,6
Arcadis PWN 2024;01 - Standaardlijst;3003;Peilbuis tot 3m-mv;stuk;74,8
Arcadis PWN 2024;01 - Standaardlijst;3004;Peilbuis tot 3.5m-mv;stuk;72,6
Arcadis PWN 2024;01 - Standaardlijst;3005;Peilbuis tot 4m-mv;stuk;112,75
Arcadis PWN 2024;01 - Standaardlijst;3009;Straatpot, niet afsluitbaar;stuk;25,85
Arcadis PWN 2024;01 - Standaardlijst;3010;Straatpot, afsluitbaar;stuk;38,5
Arcadis PWN 2024;01 - Standaardlijst;4001;Voorrijkosten watermonstername;stuk;44
Arcadis PWN 2024;01 - Standaardlijst;4002;Watermonstername met zware metalen;stuk;42,9
Arcadis PWN 2024;01 - Standaardlijst;5001;Inspectie gat (0,3x0,3x0,5) + Boring tot 0,5m-mv;Stuk;17,6
Arcadis PWN 2024;01 - Standaardlijst;5008;PID meter;Per Project;16,5
Arcadis PWN 2024;01 - Standaardlijst;5009;Nemen slibmonsters;stuk;27,5
Arcadis PWN 2024;01 - Standaardlijst;5010;Opstartkosten betonboren;project;82,5
Arcadis PWN 2024;01 - Standaardlijst;5011;Beton/asfaltboren per cm;cm;2,6
Arcadis PWN 2024;01 - Standaardlijst;5012;Inspectiegat + Boring van 1m contract;Stuk;42,35
Arcadis PWN 2024;01 - Standaardlijst;5013;Inspectiegat + Boring van 1.5 contract;Stuk;41,8
Arcadis PWN 2024;01 - Standaardlijst;5014;Inspectiegat + Boring van 2m contract;Stuk;48,4
Arcadis PWN 2024;01 - Standaardlijst;5015;Inspectie gat 30x30x50 zonder Pot;stuk;15,4
Arcadis PWN 2024;011 Extra artikelen;5201;Aggregaat;Dag;93,5
Arcadis PWN 2024;011 Extra artikelen;5204;Boot naar Texel;stuk;93,5
Arcadis PWN 2024;011 Extra artikelen;5205;Inzet Boot;dag;82,5
Arcadis PWN 2024;011 Extra artikelen;5207;Minigraver;dag;800
Arcadis PWN 2024;011 Extra artikelen;5208;Veldwerkuren;uur;75
Arcadis PWN 2024;011 Extra artikelen;5209;(D)GPS inmeten of Uitzetten 0 tm 10 boringen;keer;82,5
Arcadis PWN 2024;01 - Standaardlijst;5212;MKB uren;;60
Arcadis PWN 2024;01 - Standaardlijst;5215;Opstartkosten betonboren + aggregaat;per keer;160
Arcadis PWN 2024;11 - Ramgutsen;21001;Ramguts inzet per boring;stuk;27,5
Arcadis PWN 2024;14 - Overig;24012;Lichte verkeersmaatregelen;dag;175
Arcadis PWN 2024;14 - Overig;9911002;Opstellen conceptueel model;locatie;900
Aveco 2024 Raamcontract;01 - Standaardlijst;A1;Vaste kosten (voorbereidings- en afhandelingskosten);Stuk;41
Aveco 2024 Raamcontract;01 - Standaardlijst;A2;Reiskosten - aantal KM naar de locatie gerekend vanaf de dichtstbijzijnde standplaats/woonadres;Stuk;0,75
Aveco 2024 Raamcontract;01 - Standaardlijst;A3;Reistijd (enkele reis) 0 tot 1uur (1 veldwerkbus met 1 medewerker);Stuk;76
Aveco 2024 Raamcontract;01 - Standaardlijst;A4;Reistijd (enkele reis) 1 tot 1,5 uur (1 veldwerkbus met 1 medewerker);Stuk;108
Aveco 2024 Raamcontract;01 - Standaardlijst;A5;Reistijd (enkele reis) 1,5 tot 2 uur (1 veldwerkbus met 1 medewerker);Stuk;152
Aveco 2024 Raamcontract;01 - Standaardlijst;A6;Reistijd (enkele reis) 2 tot 2,5 uur (1 veldwerkbus met 1 medewerker);Stuk;190
Aveco 2024 Raamcontract;01 - Standaardlijst;A7;KLIC-melding;Stuk;53
Aveco 2024 Raamcontract;01 - Standaardlijst;A8;Verwijderen bestrating en herbestrating;Stuk;10
Aveco 2024 Raamcontract;01 - Standaardlijst;B1;Uitvoeren boring en plaatsen peilbuis, materiaal pvc, tot 2,0 m - mv, 32 mm;Stuk;88
Aveco 2024 Raamcontract;01 - Standaardlijst;B2;Uitvoeren boring en plaatsen peilbuis, materiaal pvc, tot 2,5 m - mv, 32 mm;Stuk;93
Aveco 2024 Raamcontract;01 - Standaardlijst;B3;Uitvoeren boring en plaatsen peilbuis, materiaal pvc, tot 3,0 m - mv, 32 mm;Stuk;100
Aveco 2024 Raamcontract;01 - Standaardlijst;B4;Uitvoeren boring en plaatsen peilbuis, materiaal pvc, tot 3,0 m - mv, 40 mm;Stuk;111
Aveco 2024 Raamcontract;01 - Standaardlijst;B5;Uitvoeren boring en plaatsen peilbuis, materiaal hdpe tot 3,0 m - mv, 63 mm;Stuk;199
Aveco 2024 Raamcontract;01 - Standaardlijst;B6;Uitvoeren boring en plaatsen peilbuis, materiaal pvc, tot 3,5 m - mv, 32 mm;Stuk;116
Aveco 2024 Raamcontract;01 - Standaardlijst;B7;Uitvoeren boring en plaatsen peilbuis, materiaal pvc, tot 4,0 m - mv, 32 mm;Stuk;164
Aveco 2024 Raamcontract;01 - Standaardlijst;B8;Uitvoeren boring en plaatsen peilbuis, materiaal pvc, tot 4,5 m - mv, 32 mm;Stuk;179
Aveco 2024 Raamcontract;01 - Standaardlijst;B9;Uitvoeren boring en plaatsen peilbuis, materiaal pvc, tot 5,0 m - mv, 32 mm;Stuk;207
Aveco 2024 Raamcontract;01 - Standaardlijst;B10;Uitvoeren boring en plaatsen peilbuis, materiaal pvc, tot 5,5 m - mv, 32 mm;Stuk;229
Aveco 2024 Raamcontract;01 - Standaardlijst;B11;Uitvoeren boring en plaatsen peilbuis, materiaal pvc, tot 6,0 m - mv, 32 mm;Stuk;252
Aveco 2024 Raamcontract;01 - Standaardlijst;B12;Uitvoeren boring en plaatsen peilbuis, materiaal pvc, tot 6,0 m - mv, 40 mm;Stuk;303
Aveco 2024 Raamcontract;01 - Standaardlijst;B13;Uitvoeren boring en plaatsen peilbuis, materiaal hdpe tot 6,0 m - mv, 63 mm;Stuk;585
Aveco 2024 Raamcontract;01 - Standaardlijst;B14;Uitvoeren boring en plaatsen peilbuis, materiaal pvc, tot 6,5 m - mv, 32 mm;Stuk;305
Aveco 2024 Raamcontract;01 - Standaardlijst;B15;Uitvoeren boring en plaatsen peilbuis, materiaal pvc, tot 7,0 m - mv, 32 mm;Stuk;410
Aveco 2024 Raamcontract;01 - Standaardlijst;B16;Uitvoeren boring en plaatsen peilbuis, materiaal pvc, tot 7,5 m - mv, 32 mm;Stuk;439
Aveco 2024 Raamcontract;01 - Standaardlijst;B17;Uitvoeren boring en plaatsen peilbuis, materiaal pvc, tot 8,0 m - mv, 32 mm;Stuk;468
Aveco 2024 Raamcontract;01 - Standaardlijst;C1;Klinkerstraatpot 100x205mm;Stuk;30
Aveco 2024 Raamcontract;01 - Standaardlijst;C2;Straatpot 140x140 niet afsluitbaar, geel kunststof deksel;Stuk;30
Aveco 2024 Raamcontract;01 - Standaardlijst;C3;Straatpot 140x140 niet afsluitbaar, geel kunststof deksel met metalen kern tbv metaaldetectie;Stuk;35
Aveco 2024 Raamcontract;01 - Standaardlijst;C4;Straatpot 140x140 afsluitbaar, inbus M10 (8mm), geel kunststof deksel;Stuk;47
Aveco 2024 Raamcontract;01 - Standaardlijst;C5;Straatpot 190x190, zwart PA deksel, inbusbout M10 (anti-diefstal);Stuk;87
Aveco 2024 Raamcontract;01 - Standaardlijst;C6;Betontegel met uitsparing (omranding) voor straatpot 140x140;Stuk;29
Aveco 2024 Raamcontract;01 - Standaardlijst;C7;Kunststof beschermpot ø120mm (t.b.v. afwerking kernboring);Stuk;35
Aveco 2024 Raamcontract;01 - Standaardlijst;C8;RVS afdekkap t.b.v. boorgat ø120mm, plaat ø170x2mm;Stuk;47
Aveco 2024 Raamcontract;01 - Standaardlijst;C9;RVS afdekkap t.b.v. boorgat ø120mm, plaat ø170x4mm (zwaar);Stuk;53
Aveco 2024 Raamcontract;01 - Standaardlijst;C10;PVC beschermbuis ø110mm L=30cm + PE deksel;Stuk;12
Aveco 2024 Raamcontract;01 - Standaardlijst;C11;Kunststof beschermkoker ø125 L=1,5m. Inclusief kunststof kap en lip t.b.v. hangslot;Stuk;152
Aveco 2024 Raamcontract;01 - Standaardlijst;C12;Kunststof beschermkoker ø160 L=1,5m. Inclusief kunststof kap en RVS borgpen;Stuk;281
Aveco 2024 Raamcontract;01 - Standaardlijst;C13;RVS beschermkoker ø70 L=1,20m. Grijs GVK deksel;Stuk;164
Aveco 2024 Raamcontract;01 - Standaardlijst;C14;Stalen beschermkoker ø76 L=1m verzinkt;Stuk;158
Aveco 2024 Raamcontract;01 - Standaardlijst;C15;Stalen beschermkoker ø127 L=1m verzinkt;Stuk;170
Aveco 2024 Raamcontract;01 - Standaardlijst;C16;Stalen beschermkoker ø159 L=1m verzinkt;Stuk;234
Aveco 2024 Raamcontract;01 - Standaardlijst;C17;Stalen beschermkoker ø219 L=1m verzinkt;Stuk;263
Aveco 2024 Raamcontract;01 - Standaardlijst;C18;Aanzagen bestrating t.b.v. straatpot;Stuk;6
Aveco 2024 Raamcontract;01 - Standaardlijst;D1;Asbestinspectiegat tot 0,5 m-mv (max. 1 laag, geen asbest verdacht materiaal);Stuk;29
Aveco 2024 Raamcontract;01 - Standaardlijst;D2;Asbestinspectiegat tot 0,5 m-mv, doorgezet tot 1,0 m-mv;Stuk;64
Aveco 2024 Raamcontract;01 - Standaardlijst;D3;Asbestinspectiegat tot 0,5 m-mv, doorgezet tot 1,5 m-mv;Stuk;78
Aveco 2024 Raamcontract;01 - Standaardlijst;D4;Asbestinspectiegat tot 0,5 m-mv, doorgezet tot 2,0 m-mv;Stuk;83
Aveco 2024 Raamcontract;01 - Standaardlijst;D5;Asbestinspectiegat tot 0,5 m-mv, doorgezet tot 2,5 m-mv;Stuk;88
Aveco 2024 Raamcontract;01 - Standaardlijst;D6;Asbestinspectiegat tot 0,5 m-mv, doorgezet tot 3,0 m-mv;Stuk;90
Aveco 2024 Raamcontract;01 - Standaardlijst;D7;Asbestinspectiegat tot 0,5 m-mv, doorgezet tot 3,5 m-mv;Stuk;100
Aveco 2024 Raamcontract;01 - Standaardlijst;D8;Asbestinspectiegat tot 0,5 m-mv, doorgezet tot 4,0 m-mv;Stuk;132
Aveco 2024 Raamcontract;01 - Standaardlijst;D9;Asbestinspectiegat tot 0,5 m-mv, doorgezet tot 4,5 m-mv;Stuk;157
Aveco 2024 Raamcontract;01 - Standaardlijst;D10;Asbestinspectiegat tot 0,5 m-mv, doorgezet tot 5,0 m-mv;Stuk;183
Aveco 2024 Raamcontract;01 - Standaardlijst;D11;Asbestinspectiegat tot 0,5 m-mv, doorgezet tot 5,5 m-mv;Stuk;200
Aveco 2024 Raamcontract;01 - Standaardlijst;D12;Asbestinspectiegat tot 0,5 m-mv, doorgezet tot 6,0 m-mv;Stuk;218
Aveco 2024 Raamcontract;01 - Standaardlijst;D13;Graven sleuven 2,0 x 0,4 x 0,5 (handmatig);Stuk;292
Aveco 2024 Raamcontract;01 - Standaardlijst;D14;Inzet kraan incl. aan- en afvoerkosten;Stuk;1053
Aveco 2024 Raamcontract;01 - Standaardlijst;D15;Aan-, en afvoerkosten kraan;Stuk;205
Aveco 2024 Raamcontract;01 - Standaardlijst;D16;Inhuur decounit;Stuk;409,5
Aveco 2024 Raamcontract;01 - Standaardlijst;D17;Aan-, afvoer- en schoonmaakkosten decounit;Stuk;205
Aveco 2024 Raamcontract;01 - Standaardlijst;E1;Waterbodemmonstername m.b.v. zuigerboor vanaf oever;Stuk;152
Aveco 2024 Raamcontract;01 - Standaardlijst;E2;Waterbodemmonsternamen m.b.v. zuigerboor vanaf boot (vanaf waterkolom 4 m doorsnede en 0,5m onder de vaste waterbodem);Stuk;152
Aveco 2024 Raamcontract;01 - Standaardlijst;E3;Slibmengmonster in veld (traject max. 500 meter, uit max. 10 steken, exclusief monsterneming);Stuk;222
Aveco 2024 Raamcontract;01 - Standaardlijst;E4;Inzet werkvlot/boot;Stuk;88
Aveco 2024 Raamcontract;01 - Standaardlijst;E5;Aan- en afvoer kosten werkvlot/boot;Stuk;59
Aveco 2024 Raamcontract;01 - Standaardlijst;E6;Inmeten dwarsprofiel (max. 5 meter breed), m.b.v. GPS;Stuk;29
Aveco 2024 Raamcontract;01 - Standaardlijst;F1;Beton-/asfaltboringen - basiskosten (opstartkosten / voorrijdkosten);Stuk;94
Aveco 2024 Raamcontract;01 - Standaardlijst;F2;Beton-/asfaltboringen - tarief per cm (diameter 120mm);Stuk;2,9
Aveco 2024 Raamcontract;01 - Standaardlijst;F3;Beton-/asfaltboringen - toeslag inzet aggregaat (elektriciteit) en watervoorziening;Stuk;76
Aveco 2024 Raamcontract;01 - Standaardlijst;F4;Beton-/asfaltboringen - afwerken met cement/koud asfalt;Stuk;6
Aveco 2024 Raamcontract;01 - Standaardlijst;F5;Ramgutsen - basiskosten (mobilisatie);Stuk;70
Aveco 2024 Raamcontract;01 - Standaardlijst;F6;Ramgutsen - tarief per meter;Stuk;35
Aveco 2024 Raamcontract;01 - Standaardlijst;F7;PID-meting;Stuk;20
Aveco 2024 Raamcontract;01 - Standaardlijst;F8;Afvoer boorafval (>25kg);Stuk;9
Aveco 2024 Raamcontract;01 - Standaardlijst;F9;Voorgraven t.b.v. K&L;Stuk;29
Aveco 2024 Raamcontract;01 - Standaardlijst;F10;Milieukundig veldwerker - 1 uur (exclusief reisuren en kilometers);Stuk;76
Aveco 2024 Raamcontract;01 - Standaardlijst;F11;Milieukundig veldwerker - 4 uur (exclusief reisuren en kilometers);Stuk;304
Aveco 2024 Raamcontract;01 - Standaardlijst;F12;Milieukundig veldwerker - 8 uur (exclusief reisuren en kilometers);Stuk;608
Aveco 2024 Raamcontract;01 - Standaardlijst;F13;Ploeg, 2x milieukundig veldwerker - 1 uur (exclusief reisuren en kilometers);Stuk;152
Aveco 2024 Raamcontract;01 - Standaardlijst;F14;Ploeg, 2x milieukundig veldwerker - 4 uur (exclusief reisuren en kilometers);Stuk;608
Aveco 2024 Raamcontract;01 - Standaardlijst;F15;Ploeg, 2x milieukundig veldwerker - 8 uur (exclusief reisuren en kilometers);Stuk;1307,2
Aveco 2024 Raamcontract;01 - Standaardlijst;G1;Inmeten punten (RD-XYZ-coördinaten) met GPS;Stuk;3
Aveco 2024 Raamcontract;01 - Standaardlijst;G2;Bepalen hoogte bovenkant PB en maaiveld t.o.v. NAP met GPS (XYZ-coördinaten);Stuk;4
Aveco 2024 Raamcontract;01 - Standaardlijst;4004;Watermonster incl. lozingspakket;Stuk;75
Aveco 2024 Raamcontract;011 Extra artikelen;222;HCN Meter per dag;Stuk;40
Aveco 2024 Raamcontract;011 Extra artikelen;1234156;Beton\Asfalt boring 350mm inlc afwerking;Stuk;215
Aveco 2024 Raamcontract;011 Extra artikelen;4321;Voorwaarschuwingswagen;Stuk;195
Aveco 2024 Raamcontract;01 - Standaardlijst;2001;Boring tot 0,5 m-mv;Stuk;22
Aveco 2024 Raamcontract;01 - Standaardlijst;2002;Boring tot 1m-mv;stuk;35
Aveco 2024 Raamcontract;01 - Standaardlijst;2003;Boring tot 1.2m-mv;stuk;30
Aveco 2024 Raamcontract;01 - Standaardlijst;2003;Boring tot 1.5m contract;meters;20
Aveco 2024 Raamcontract;01 - Standaardlijst;2004;Boring van 1,5m-mv;stuk;50
Aveco 2024 Raamcontract;01 - Standaardlijst;2005;Boring tot 2m-mv;stuk;54
Aveco 2024 Raamcontract;01 - Standaardlijst;2006;Boring tot 2.5m-mv;stuk;59
Aveco 2024 Raamcontract;01 - Standaardlijst;2007;Boring tot 3m-mv;stuk;61
Aveco 2024 Raamcontract;01 - Standaardlijst;2008;Boring tot 3.5m-mv;stuk;72
Aveco 2024 Raamcontract;01 - Standaardlijst;2009;Boring tot 4m-mv;stuk;103
Aveco 2024 Raamcontract;01 - Standaardlijst;2010;Boring tot 4.5m-mv;stuk;100
Aveco 2024 Raamcontract;01 - Standaardlijst;2011;Boring tot 5m-mv;stuk;154
Aveco 2024 Raamcontract;01 - Standaardlijst;2012;Steekbussen;stuk;20
Aveco 2024 Raamcontract;01 - Standaardlijst;4001;Voorrijkosten watermonstername;stuk;50
Aveco 2024 Raamcontract;01 - Standaardlijst;4002;Watermonstername met zware metalen;stuk;55
Aveco 2024 Raamcontract;01 - Standaardlijst;4003;Watermonstername zonder zware metalen filter;stuk;45
Aveco 2024 Raamcontract;01 - Standaardlijst;5215;Quad Huur;dag;125
Aveco 2024 Raamcontract;02 - Boringen in handkracht;12013;Boring tot 6m-mv;stuk;180